step,t,max_u,plate_disp
1,6.25000000e-03,0.0000000000000000e+00,0.0000000000000000e+00
2,1.25000000e-02,1.1619258453289682e-02,3.7478924448498230e-05
3,1.87500000e-02,2.0833282462892854e-02,9.5798363811200004e-05
4,2.50000000e-02,3.1249923693915074e-02,1.8231471715241624e-04
5,3.12500000e-02,4.1666564925577049e-02,2.9673580650404758e-04
6,3.75000000e-02,5.2083206156675402e-02,4.3914727532148163e-04
7,4.37500000e-02,6.2499847388141315e-02,6.1018168532100611e-04
8,5.00000000e-02,7.2916488619277672e-02,8.1133817898184767e-04
9,5.62500000e-02,8.3333129850627949e-02,1.0498297748606912e-03
10,6.25000000e-02,9.3749771081761107e-02,1.3409298368279028e-03
11,6.87500000e-02,1.0416641231300661e-01,1.6770871204986257e-03
12,7.50000000e-02,1.1458305354409276e-01,2.0634841289569688e-03
13,8.12500000e-02,1.2499969477521297e-01,2.5053909926567165e-03
14,8.75000000e-02,1.3541633600619704e-01,3.0069644706887258e-03
15,9.37500000e-02,1.4583297723714628e-01,3.5753518505338721e-03
16,1.00000000e-01,1.5624961846795588e-01,4.2157004445980686e-03
17,1.06250000e-01,1.6666625969866319e-01,4.9356328340669211e-03
18,1.12500000e-01,1.6666625969755697e-01,5.7221266286674923e-03
19,1.18750000e-01,1.6666625969595208e-01,6.5835560999792557e-03
20,1.25000000e-01,1.6666625969482154e-01,7.5264604515493947e-03
21,1.31250000e-01,1.7125156915212997e-01,8.5658313986196055e-03
22,1.37500000e-01,1.8848861002933526e-01,9.7086807311926419e-03
23,1.43750000e-01,2.0747277756552759e-01,1.0962238372869235e-02
24,1.50000000e-01,2.2848905209433398e-01,1.2349259366170243e-02
25,1.56250000e-01,2.5208423781431105e-01,1.3880030070089274e-02
26,1.62500000e-01,2.7835043391981440e-01,1.5563050488665988e-02
27,1.68750000e-01,3.0732876828824046e-01,1.7429127356484900e-02
28,1.75000000e-01,3.3933012482957320e-01,1.9489853354100223e-02
29,1.81250000e-01,3.7461276099309321e-01,2.1760684945733331e-02
30,1.87500000e-01,4.1354300375041780e-01,2.4273676377463544e-02
31,1.93750000e-01,4.5657818886371687e-01,2.7056810509944695e-02
32,2.00000000e-01,5.0422632939038403e-01,3.0126865036866526e-02
33,2.06250000e-01,5.5707122112222862e-01,3.3516964565603477e-02
34,2.12500000e-01,6.1557822386837791e-01,3.7267479286962155e-02
35,2.18750000e-01,6.8019499781990878e-01,4.1417197606009371e-02
36,2.25000000e-01,7.5166338085654139e-01,4.6001959348213904e-02
37,2.31250000e-01,8.3028050006002718e-01,5.1071296388172066e-02
38,2.37500000e-01,9.1699142632573349e-01,5.6666577461654592e-02
39,2.43750000e-01,1.0129583199549039e+00,6.2858968223615225e-02
40,2.50000000e-01,1.1194398859583341e+00,6.9698911835899102e-02
41,2.56250000e-01,1.2377353111685521e+00,7.7262702912801989e-02
42,2.62500000e-01,1.3685875884855070e+00,8.5623594957810842e-02
43,2.68750000e-01,1.5123800902533284e+00,9.4866959148261612e-02
44,2.75000000e-01,1.6716106698705213e+00,1.0508349211954215e-01
45,2.81250000e-01,1.8468334185944102e+00,1.1637172295493449e-01
46,2.87500000e-01,2.0424232349296929e+00,1.2886034171894614e-01
47,2.93750000e-01,2.2583979068019375e+00,1.4266668828063625e-01
48,3.00000000e-01,2.4959276977035425e+00,1.5792556159228344e-01
49,3.06250000e-01,2.7630582911442465e+00,1.7480487278008228e-01
50,3.12500000e-01,3.0579150173495728e+00,1.9347114506645907e-01
51,3.18750000e-01,3.3800363713882517e+00,2.1412223689428550e-01
52,3.25000000e-01,3.7400291808333366e+00,2.3693590416149396e-01
53,3.31250000e-01,4.1352498825346000e+00,2.6219474013517707e-01
54,3.37500000e-01,4.5755394251169541e+00,2.9008184317802127e-01
55,3.43750000e-01,5.0641301674394157e+00,3.2092314984391884e-01
56,3.50000000e-01,5.5987872876343774e+00,3.5502215991771585e-01
57,3.56250000e-01,6.1976247845230077e+00,3.9274372014506725e-01
58,3.62500000e-01,6.8432804596729575e+00,4.3431105743813109e-01
59,3.68750000e-01,7.5724340611515348e+00,4.8016634627117150e-01
60,3.75000000e-01,8.3381933518311744e+00,5.3073542217855474e-01
61,3.81250000e-01,9.1632667439237352e+00,5.8620576470551489e-01
62,3.87500000e-01,1.0025054794265053e+01,6.4697555597232936e-01
63,3.93750000e-01,1.0877262889390806e+01,7.1307881805341911e-01
64,4.00000000e-01,1.1662394225442517e+01,7.8414743705008938e-01
65,4.06250000e-01,1.2308194429741372e+01,8.5919594556047829e-01
66,4.12500000e-01,1.2780634315508912e+01,9.3629136362379983e-01
67,4.18750000e-01,1.3092279140623791e+01,1.0134258055210965e+00
68,4.25000000e-01,1.3352491685215332e+01,1.0882092254240296e+00
69,4.31250000e-01,1.3514466289044105e+01,1.1591706524058849e+00
70,4.37500000e-01,1.4200481485809227e+01,1.2252618124565193e+00
71,4.43750000e-01,1.4245625077704583e+01,1.2864472009332906e+00
72,4.50000000e-01,1.5138092343659499e+01,1.3430015471208272e+00
73,4.56250000e-01,1.5035791807390488e+01,1.3957652290913967e+00
74,4.62500000e-01,1.5606508404959222e+01,1.4453193941123292e+00
75,4.68750000e-01,1.5270761258228521e+01,1.4924541120257717e+00
76,4.75000000e-01,1.6010710776341206e+01,1.5379080001205583e+00
77,4.81250000e-01,1.6589236029372255e+01,1.5816236997046282e+00
78,4.87500000e-01,1.7449024929253270e+01,1.6239144366617018e+00
79,4.93750000e-01,1.8334428661443333e+01,1.6816227112507620e+00
80,5.00000000e-01,1.9665334404923446e+01,1.7745131729061348e+00
81,5.06250000e-01,1.9363203763806432e+01,1.8652358291585851e+00
82,5.12500000e-01,1.9344313422096693e+01,1.9601550981308984e+00
83,5.18750000e-01,1.8233454243123816e+01,2.0312321132799283e+00
84,5.25000000e-01,1.7813107301762670e+01,2.0838887679815885e+00
85,5.31250000e-01,1.4840296989628047e+01,2.1163037485087939e+00
86,5.37500000e-01,1.3370567350231337e+01,2.1294365034471303e+00
87,5.43750000e-01,1.1971070014323226e+01,2.1317417189457477e+00
88,5.50000000e-01,1.1536726176268123e+01,2.1310887459567214e+00
89,5.56250000e-01,1.0717836123765498e+01,2.1313859480008661e+00
90,5.62500000e-01,1.0366555234305144e+01,2.1310434913613920e+00
91,5.68750000e-01,1.0101038176352544e+01,2.1311474190104938e+00
92,5.75000000e-01,9.9783807791023467e+00,2.1394737867679892e+00
93,5.81250000e-01,9.8483722787182888e+00,2.1749310731599061e+00
94,5.87500000e-01,9.7499177541780551e+00,2.2034927706355276e+00
95,5.93750000e-01,9.7915329006379856e+00,2.2270703290356506e+00
96,6.00000000e-01,9.7764022333306908e+00,2.2600634464136453e+00
97,6.06250000e-01,9.6038284256300059e+00,2.2884809026385811e+00
98,6.12500000e-01,9.6771812810705331e+00,2.3154659444185657e+00
99,6.18750000e-01,1.0293450666221117e+01,2.3404480384402930e+00
100,6.25000000e-01,9.6873184801896208e+00,2.3698803244020752e+00
101,6.31250000e-01,1.0673004321895089e+01,2.3999629279249066e+00
102,6.37500000e-01,1.0182285285924724e+01,2.4275111300275145e+00
103,6.43750000e-01,1.0171901956087874e+01,2.4525592118068218e+00
104,6.50000000e-01,1.0312378733072158e+01,2.4780668899931491e+00
105,6.56250000e-01,1.0083215684885499e+01,2.5055983559179507e+00
106,6.62500000e-01,9.8131144282263190e+00,2.5301700529168616e+00
107,6.68750000e-01,1.0220838529236948e+01,2.5521934094059486e+00
108,6.75000000e-01,9.9517241610317058e+00,2.5724959258229325e+00
109,6.81250000e-01,1.0062380708188490e+01,2.5971556958414070e+00
110,6.87500000e-01,1.0072499583755055e+01,2.6220365269326118e+00
111,6.93750000e-01,9.7511820351659022e+00,2.6459067123612803e+00
112,7.00000000e-01,9.7719611353973157e+00,2.6719457853782864e+00
113,7.06250000e-01,9.4627057574837323e+00,2.6980965423463950e+00
114,7.12500000e-01,9.6158738640801431e+00,2.7222028863031298e+00
115,7.18750000e-01,9.2091482077662477e+00,2.7452089386404182e+00
116,7.25000000e-01,9.1158317124791122e+00,2.7668317399058764e+00
117,7.31250000e-01,9.4258884669200924e+00,2.7940230924861971e+00
118,7.37500000e-01,9.4452055581268919e+00,2.8206785985753253e+00
119,7.43750000e-01,9.3849536091768666e+00,2.8450013839214443e+00
120,7.50000000e-01,9.6583264963675504e+00,2.8678918517110907e+00
121,7.56250000e-01,9.0502859303233603e+00,2.8894814708670387e+00
122,7.62500000e-01,9.4216481723579211e+00,2.9089584099274304e+00
123,7.68750000e-01,9.3557756896729121e+00,2.9282626792593320e+00
124,7.75000000e-01,9.2124966856316259e+00,2.9454137613721416e+00
125,7.81250000e-01,9.0614025447442312e+00,2.9662399506249515e+00
126,7.87500000e-01,8.9736318456101465e+00,2.9844851950372906e+00
127,7.93750000e-01,8.9268977118952293e+00,3.0013626035996896e+00
128,8.00000000e-01,8.9848821301553148e+00,3.0161631628789047e+00
129,8.06250000e-01,9.0278801010517764e+00,3.0308241216549403e+00
130,8.12500000e-01,9.0815134244978175e+00,3.0436953642992628e+00
131,8.18750000e-01,8.9271935031281711e+00,3.0569949514701005e+00
132,8.25000000e-01,9.2321371469643871e+00,3.0701977806754286e+00
133,8.31250000e-01,9.0233615838047267e+00,3.0832155316639822e+00
134,8.37500000e-01,8.9016617152031809e+00,3.0961440470076713e+00
135,8.43750000e-01,9.0203796552762263e+00,3.1074790923879050e+00
136,8.50000000e-01,8.8554624136403106e+00,3.1182563497625688e+00
137,8.56250000e-01,8.7979624825730287e+00,3.1274646848454806e+00
138,8.62500000e-01,8.8134928021920640e+00,3.1364993997139905e+00
139,8.68750000e-01,8.5582701299059973e+00,3.1445439975360139e+00
140,8.75000000e-01,8.5531024570906755e+00,3.1515919791382654e+00
141,8.81250000e-01,8.5362774671336652e+00,3.1577511170807044e+00
142,8.87500000e-01,8.3767935211177349e+00,3.1638313626674250e+00
143,8.93750000e-01,8.2433984750364555e+00,3.1688951585406766e+00
144,9.00000000e-01,8.1744059037696335e+00,3.1728498627255992e+00
145,9.06250000e-01,7.9188022882668250e+00,3.1755745932218846e+00
146,9.12500000e-01,7.7053810391127389e+00,3.1776364969966040e+00
147,9.18750000e-01,7.5783517812683536e+00,3.1805166268767016e+00
148,9.25000000e-01,7.0930933680892636e+00,3.1853619127383550e+00
149,9.31250000e-01,6.8273863742813887e+00,3.1893970605333366e+00
150,9.37500000e-01,6.5980811567030662e+00,3.1926844075947627e+00
151,9.43750000e-01,6.4140244109080955e+00,3.1951635270103829e+00
152,9.50000000e-01,6.3338808076824433e+00,3.1971919702632126e+00
153,9.56250000e-01,6.1233877429495314e+00,3.1988195673755881e+00
154,9.62500000e-01,5.9677304605870010e+00,3.2001972889039965e+00
155,9.68750000e-01,5.9060647304529530e+00,3.2013064484498277e+00
156,9.75000000e-01,5.8802432782529888e+00,3.2022568049064093e+00
157,9.81250000e-01,5.8215308647707502e+00,3.2030267255376446e+00
158,9.87500000e-01,5.6175286097190709e+00,3.2036899292027727e+00
159,9.93750000e-01,5.5247522469421071e+00,3.2046352616314020e+00
160,1.00000000e+00,5.2520672472156544e+00,3.2058038439934085e+00
161,1.00625000e+00,5.3339747262445796e+00,3.2067832960895619e+00
162,1.01250000e+00,5.1862810850603873e+00,3.2076745056170295e+00
163,1.01875000e+00,5.2208228954337850e+00,3.2084373344956432e+00
164,1.02500000e+00,5.0532640607213022e+00,3.2091529520524231e+00
165,1.03125000e+00,5.0186487188253039e+00,3.2097839840599427e+00
166,1.03750000e+00,5.0795789527424375e+00,3.2103941668619513e+00
167,1.04375000e+00,5.0040316932005764e+00,3.2109458331068623e+00
168,1.05000000e+00,4.7513171098360214e+00,3.2114868904805260e+00
169,1.05625000e+00,4.9251831022044597e+00,3.2119786023763002e+00
170,1.06250000e+00,4.6884971008978171e+00,3.2124625795894217e+00
171,1.06875000e+00,4.5888606212241250e+00,3.2129054993882411e+00
172,1.07500000e+00,4.5132313233017562e+00,3.2133429105869817e+00
173,1.08125000e+00,4.6331811456500569e+00,3.2137448993882476e+00
174,1.08750000e+00,4.4835749698935166e+00,3.2141395959409791e+00
175,1.09375000e+00,4.4907184649328267e+00,3.2144995410296882e+00
176,1.10000000e+00,4.3364136197092318e+00,3.2148509478685807e+00
177,1.10625000e+00,4.3656649085408388e+00,3.2151714382733432e+00
178,1.11250000e+00,4.2463020126463666e+00,3.2154840456883838e+00
179,1.11875000e+00,4.1872061839707539e+00,3.2157691230315169e+00
180,1.12500000e+00,4.1516712975512791e+00,3.2160465037794075e+00
181,1.13125000e+00,4.1744438892391855e+00,3.2162988810793101e+00
182,1.13750000e+00,4.2023294706489125e+00,3.2165441553060616e+00
183,1.14375000e+00,4.1644137663844303e+00,3.2167671475863848e+00
184,1.15000000e+00,4.1335804720210589e+00,3.2169840274732189e+00
185,1.15625000e+00,4.1351593674918474e+00,3.2171811883762649e+00
186,1.16250000e+00,4.1366291456857729e+00,3.2173732730575839e+00
187,1.16875000e+00,4.1812305290635470e+00,3.2175480204985307e+00
188,1.17500000e+00,4.1075535285416045e+00,3.2177185796674914e+00
189,1.18125000e+00,4.1169511618156873e+00,3.2178738345923388e+00
190,1.18750000e+00,4.0864582514079695e+00,3.2180256858077070e+00
191,1.19375000e+00,4.0657935659717550e+00,3.2181638584043615e+00
192,1.20000000e+00,4.0527668346929060e+00,3.2182992467263944e+00
193,1.20625000e+00,4.0592878821652008e+00,3.2184225373588258e+00
194,1.21250000e+00,4.0749152941697577e+00,3.2185436994818750e+00
195,1.21875000e+00,4.0809726232565682e+00,3.2186541936285389e+00
196,1.22500000e+00,4.0500848174801876e+00,3.2187631779413803e+00
197,1.23125000e+00,3.9820918292305945e+00,3.2188626596072045e+00
198,1.23750000e+00,3.9398138343747746e+00,3.2189611272625673e+00
199,1.24375000e+00,4.0162229082062009e+00,3.2190512166162528e+00
200,1.25000000e+00,4.0060794158501141e+00,3.2191408320189367e+00
201,1.25625000e+00,3.9880953482590789e+00,3.2192231071239665e+00
202,1.26250000e+00,3.8716753011180058e+00,3.2193055201741392e+00
203,1.26875000e+00,3.9015029760575426e+00,3.2193817428891576e+00
204,1.27500000e+00,3.9391937451180326e+00,3.2194587920686843e+00
205,1.28125000e+00,3.8325999259811105e+00,3.2195307774158586e+00
206,1.28750000e+00,3.7943579418528768e+00,3.2196042853071591e+00
207,1.29375000e+00,3.8158577911537748e+00,3.2196738374664822e+00
208,1.30000000e+00,3.7512629230672934e+00,3.2197455932447414e+00
209,1.30625000e+00,3.6971984360621799e+00,3.2198144695634201e+00
210,1.31250000e+00,3.6837960179815230e+00,3.2198862473715657e+00
211,1.31875000e+00,3.6894253234595689e+00,3.2199561934830720e+00
212,1.32500000e+00,3.5900501643543268e+00,3.2200297230540573e+00
213,1.33125000e+00,3.5521958063530716e+00,3.2201024966538454e+00
214,1.33750000e+00,3.5871922931727931e+00,3.2201795854691109e+00
215,1.34375000e+00,3.5582050277393171e+00,3.2202569679066477e+00
216,1.35000000e+00,3.4936983121055358e+00,3.2203394217677457e+00
217,1.35625000e+00,3.5252878520841269e+00,3.2204231957516836e+00
218,1.36250000e+00,3.5000962827992841e+00,3.2205126166447902e+00
219,1.36875000e+00,3.4116416774963083e+00,3.2206041916007031e+00
220,1.37500000e+00,3.4447057419698432e+00,3.2207018432534165e+00
221,1.38125000e+00,3.3870974688308793e+00,3.2208020825141301e+00
222,1.38750000e+00,3.3727377067672335e+00,3.2209083083940842e+00
223,1.39375000e+00,3.3172411023293407e+00,3.2210170333064783e+00
224,1.40000000e+00,3.3247305532210194e+00,3.2211313000354851e+00
225,1.40625000e+00,3.2910634453741525e+00,3.2212479805078891e+00
226,1.41250000e+00,3.2248134787415599e+00,3.2213698262207306e+00
227,1.41875000e+00,3.2220300693116393e+00,3.2214939219455632e+00
228,1.42500000e+00,3.1558164428485593e+00,3.2216228654276975e+00
229,1.43125000e+00,3.0818030490026391e+00,3.2217540937791149e+00
230,1.43750000e+00,3.1927489295450040e+00,3.2218898414809898e+00
231,1.44375000e+00,3.0393193336808504e+00,3.2220277691134913e+00
232,1.45000000e+00,3.0541455298194604e+00,3.2221698312799862e+00
233,1.45625000e+00,2.9931073759647524e+00,3.2223137398539832e+00
234,1.46250000e+00,2.9649757632193303e+00,3.2224607487115713e+00
235,1.46875000e+00,2.9379954318727282e+00,3.2226085512138134e+00
236,1.47500000e+00,2.9191176669743149e+00,3.2227579206858459e+00
237,1.48125000e+00,2.8862426737668052e+00,3.2229066814410272e+00
238,1.48750000e+00,2.8857251326018312e+00,3.2230556213652601e+00
239,1.49375000e+00,2.8368213736479881e+00,3.2232028205918413e+00
240,1.50000000e+00,2.8381193545533172e+00,3.2233489637665795e+00
241,1.50625000e+00,2.7810495574875125e+00,3.2234924002635426e+00
242,1.51250000e+00,2.7644176954280386e+00,3.2236338893873602e+00
243,1.51875000e+00,2.7492777686478709e+00,3.2237719078524774e+00
244,1.52500000e+00,2.6788179881741234e+00,3.2239070303697517e+00
245,1.53125000e+00,2.6493568111746431e+00,3.2240380283254528e+00
246,1.53750000e+00,2.6619026455974422e+00,3.2241654354247262e+00
247,1.54375000e+00,2.6102164584161414e+00,3.2242882366277916e+00
248,1.55000000e+00,2.5718726010399964e+00,3.2244070425808169e+00
249,1.55625000e+00,2.5419004637617419e+00,3.2247876541765845e+00
250,1.56250000e+00,2.4934774894242575e+00,3.2254149723563819e+00
251,1.56875000e+00,2.4822013455310312e+00,3.2260152595491518e+00
252,1.57500000e+00,2.4773732341687391e+00,3.2265953404815053e+00
253,1.58125000e+00,2.4174323332963472e+00,3.2271517813143404e+00
254,1.58750000e+00,2.4330540612899427e+00,3.2276906487022283e+00
255,1.59375000e+00,2.3708064515421148e+00,3.2282090025252241e+00
256,1.60000000e+00,2.3398839298798895e+00,3.2287115277565408e+00
257,1.60625000e+00,2.3761066558730670e+00,3.2291963431901158e+00
258,1.61250000e+00,2.2875703207342193e+00,3.2296667542397510e+00
259,1.61875000e+00,2.3382355608975876e+00,3.2301209608580894e+00
260,1.62500000e+00,2.2381466174915743e+00,3.2305613082667142e+00
261,1.63125000e+00,2.2519043543683908e+00,3.2309867445740763e+00
262,1.63750000e+00,2.2222872732883165e+00,3.2313988273125007e+00
263,1.64375000e+00,2.1871612203024529e+00,3.2317971278504691e+00
264,1.65000000e+00,2.1939222701527523e+00,3.2321826009540398e+00
265,1.65625000e+00,2.1205363443839280e+00,3.2325552178925192e+00
266,1.66250000e+00,2.1407787543978509e+00,3.2329156204910285e+00
267,1.66875000e+00,2.0831041793105789e+00,3.2332641006350729e+00
268,1.67500000e+00,2.0770143272497519e+00,3.2336009007532418e+00
269,1.68125000e+00,2.0450534963147264e+00,3.2339264702044681e+00
270,1.68750000e+00,1.9961489742256919e+00,3.2342407172143153e+00
271,1.69375000e+00,1.9841748853878729e+00,3.2345442166976275e+00
272,1.70000000e+00,1.9739130141176016e+00,3.2348365579192082e+00
273,1.70625000e+00,1.9166546926876891e+00,3.2351184884350812e+00
274,1.71250000e+00,1.8979714807906878e+00,3.2353893808607146e+00
275,1.71875000e+00,1.8816747464191796e+00,3.2356500142904472e+00
276,1.72500000e+00,1.8641927381455532e+00,3.2358995246719293e+00
277,1.73125000e+00,1.8314827512071712e+00,3.2361388177509709e+00
278,1.73750000e+00,1.8230095147484766e+00,3.2363671263411740e+00
279,1.74375000e+00,1.8279875552562770e+00,3.2365855828105130e+00
280,1.75000000e+00,1.7677550195495386e+00,3.2367935563114023e+00
281,1.75625000e+00,1.7979653449707091e+00,3.2369924659454941e+00
282,1.76250000e+00,1.7657840452351230e+00,3.2371818260600032e+00
283,1.76875000e+00,1.7252205203973217e+00,3.2373631168917592e+00
284,1.77500000e+00,1.7223513510184569e+00,3.2375356823254742e+00
285,1.78125000e+00,1.7307015994369073e+00,3.2377009893217039e+00
286,1.78750000e+00,1.6673222328735484e+00,3.2378584372716546e+00
287,1.79375000e+00,1.6866978232800363e+00,3.2380094306753660e+00
288,1.80000000e+00,1.6720896095341067e+00,3.2381531969072164e+00
289,1.80625000e+00,1.6147594131999641e+00,3.2382910598586747e+00
290,1.81250000e+00,1.6194854907401033e+00,3.2384222437932331e+00
291,1.81875000e+00,1.6335086155509506e+00,3.2385480468468382e+00
292,1.82500000e+00,1.5775454492992464e+00,3.2386676364985645e+00
293,1.83125000e+00,1.5638964060763270e+00,3.2387822813096809e+00
294,1.83750000e+00,1.5719545236320125e+00,3.2388911657106036e+00
295,1.84375000e+00,1.5334335095612552e+00,3.2389954926005755e+00
296,1.85000000e+00,1.5316498349798793e+00,3.2390944257514391e+00
297,1.85625000e+00,1.5039940466252424e+00,3.2391891501155072e+00
298,1.86250000e+00,1.5338643592568804e+00,3.2392788588571007e+00
299,1.86875000e+00,1.4597518945664514e+00,3.2393646703448193e+00
300,1.87500000e+00,1.4452164754897481e+00,3.2394457853650973e+00
301,1.88125000e+00,1.4580275723505309e+00,3.2395233061987709e+00
302,1.88750000e+00,1.4384684370775787e+00,3.2395964653782361e+00
303,1.89375000e+00,1.4160513033556721e+00,3.2396663223268352e+00
304,1.90000000e+00,1.3862565359323982e+00,3.2397320812854735e+00
305,1.90625000e+00,1.3981955676473126e+00,3.2397947551244046e+00
306,1.91250000e+00,1.3755118299001219e+00,3.2398535186581694e+00
307,1.91875000e+00,1.3700257103976117e+00,3.2407030541869810e+00
308,1.92500000e+00,1.3515613942804550e+00,3.2423766198324699e+00
309,1.93125000e+00,1.3483754560060164e+00,3.2441082274018682e+00
310,1.93750000e+00,1.3429503995534768e+00,3.2459135408672881e+00
311,1.94375000e+00,1.3262404525005613e+00,3.2477420160999366e+00
312,1.95000000e+00,1.3216957660221733e+00,3.2496046858743393e+00
313,1.95625000e+00,1.3233448021863272e+00,3.2515003240780933e+00
314,1.96250000e+00,1.3195366012909031e+00,3.2534633692879518e+00
315,1.96875000e+00,1.3069729251737876e+00,3.2554774839229861e+00
316,1.97500000e+00,1.2884528520653369e+00,3.2575619885200622e+00
317,1.98125000e+00,1.2946409871685098e+00,3.2597059680251887e+00
318,1.98750000e+00,1.2906470299674755e+00,3.2618996461297947e+00
319,1.99375000e+00,1.2821577433279581e+00,3.2641235603664311e+00
320,2.00000000e+00,1.2765114770381074e+00,3.2663897893886080e+00
