demo-340-000092-x_displacement_step,demo-340-000091-x_displacement_step,demo-340-000090-x_displacement_step
0.0001485403005787589,0.0001485403005787589,0.0001485403005787589
0.00029867753870838065,0.00029863485154479896,0.00029854998803102717
0.026949074338160406,0.026993840035187455,0.026870992798446514
0.05102208295383304,0.05095035355700861,0.05195553579899426
0.08581741427751921,0.08837918017381008,0.09641557581097104
0.13773840994175868,0.14307191890118953,0.1583149646226809
0.19973733949201944,0.20732491359280236,0.2258030539204967
0.26707526261933556,0.27495455098573474,0.2928232699558986
0.33216768418623066,0.3392233104613076,0.3550707767551524
0.3907922626517688,0.3966884618213691,0.40651489436215305
0.44007588145231735,0.4435859848633832,0.4449712850012315
0.4784804891012311,0.4784686432802008,0.47276381971583503
0.505758131430005,0.5027994216314167,0.4932916610773581
0.5245151158781309,0.5200832999391769,0.5098336261787588
0.5375959291590815,0.5327931619118986,0.5227318604491031
0.5474480501775589,0.5427771428185617,0.5336038128778953
0.5554652518888805,0.5509384453882473,0.5426972771455787
0.5623675017909171,0.5581703512438538,0.5505969598266047
0.5681694253939276,0.5644867811712,0.5577074896622001
0.5729851325641622,0.5694107775984139,0.5637156431078922
0.5774085014688721,0.5737071821605848,0.5689416568012879
0.5813414471010934,0.57783632881911,0.5729426477677924
0.5845608677788012,0.5815778607402275,0.5760692849089895
0.5873236284692565,0.5844621230178191,0.5785656903787608
0.5899132292411149,0.5867653951039122,0.5800857632611687
0.5922674160039689,0.5887954547432435,0.5811138529318136
0.5941062567317983,0.5904219254217826,0.5817954717481972
0.59503429491416,0.591262120289364,0.5820074515319058
0.5954698167418957,0.5913166404659396,0.581848888844416
0.5960324751031549,0.5913660421158793,0.5815249805999005
0.5963965372920879,0.5914890977297247,0.5811169610295976
0.5963885117088419,0.5913264865202283,0.5805698217666124
0.5960649122130823,0.5907804914563937,0.5798442462922357
0.5955581311036735,0.5899860302272326,0.5789401527830724
0.5949513151766637,0.5891648106821383,0.5778481360075773
0.5942441409805548,0.58834916054966,0.5765419081322125
0.593407462922025,0.5874401491050782,0.5750401126401383
0.5924079787449805,0.5863785690313243,0.5736508043118784
0.5912191235521254,0.5851575029883531,0.5723734088131993
0.5898501855208187,0.5838035124361547,0.5706183970473246
0.5883521643730896,0.5823988988468278,0.5686273566676239
0.5867531926997371,0.5808177774890042,0.5666787451578197
0.5850484503425377,0.5787131433370345,0.5645992165360594
0.5832067926915563,0.5763135105461654,0.5622457554072129
0.5811887558815869,0.574034619022213,0.5596997511490513
0.5789765842967627,0.5717238793990782,0.5570348808350614
0.5766754779228374,0.5689521683986529,0.5540546646375597
0.5743429739035195,0.5656987280647938,0.5505860835902128
0.5717069083734792,0.5624493158642581,0.5469110467645175
0.5685265167086928,0.5590535361714359,0.5431221368387524
0.5651366177343864,0.5553502883606412,0.5391678906744823
0.5617423532431485,0.5515692122879463,0.5346924055855384
0.5582483910244795,0.5478372831140994,0.5299371929960743
0.5543757092679933,0.5437204856968554,0.5254375095223096
0.550189896997378,0.5389962922117932,0.5204707113404947
0.5458897673045595,0.534275042244835,0.5148936296749238
0.5412775621126833,0.5291044162646232,0.5094144050825677
0.536235999689912,0.5236118576994284,0.5038461018068501
0.5308830786220085,0.518265902257671,0.4976833581881268
0.5250909870093181,0.5125174371154142,0.49148136198897663
0.5191209777358361,0.5061124121418834,0.4852765750951409
0.5130739422652664,0.4996350048074254,0.4780105158917858
0.5064490408181082,0.492772069737865,0.4707821404701724
0.4996171178169948,0.4859856010379897,0.4638398356419542
0.4925380840037501,0.4789896240596494,0.4561097751724248
0.4852343101378851,0.4713902471624045,0.4484471055717665
0.47778901899298165,0.4639569028834074,0.44094357378564886
0.4700261764080038,0.4562792113662446,0.432902549659971
0.46237125664843526,0.448190988584803,0.4249608428776803
0.45452356648040104,0.440697749311435,0.4173296525405952
0.44622455531373206,0.4330895990134238,0.409146120173175
0.43841928075568526,0.42509246214218943,0.401162959833844
0.4307020606394041,0.4174096133055871,0.3939381169553655
0.42294651379075376,0.4097614135625569,0.3866567949232833
0.41554031488841203,0.4022552315373227,0.37916224146504596
0.4081775130247369,0.3952015594819642,0.3724317310916667
0.40114841221532616,0.38895545207128923,0.36670734338274147
0.39501820658057496,0.38265356419875407,0.3615434902107053
0.38970665041703634,0.37680844319589224,0.35624166746167174
0.3844356355693097,0.3719373821901286,0.35178006244524807
0.37973223771804077,0.36820475628244,0.34795191466325526
0.3761441726278705,0.36570545528812004,0.3447320756789096
0.37369514842460005,0.36376870911668013,0.34231675736627065
0.37233280399457747,0.36261342910403216,0.34114373421134236
0.3721943191142827,0.36278537686502177,0.3412241012175128
0.3732105234608245,0.36409426819745705,0.3424742438012529
0.37532590970453117,0.36634284151024654,0.3450506102976012
0.3784947723460774,0.3697005200315313,0.3491211740284499
0.38276584299754846,0.37446495714093797,0.35427095365839434
0.38806718872313284,0.3803720383791147,0.3607209525451107
0.39456775154128354,0.3871773765700197,0.3685197200230357
0.40222919712786953,0.39533580421354597,0.37757393568409037
0.4111951305197701,0.4047186811013581,0.38709483647969045
0.42065829276183764,0.41497689981901664,0.39761801751366854
0.4310226581875558,0.42553627962060525,0.4091450327110546
0.4425685709170686,0.43722626513065355,0.4204482654518096
0.45441767375788866,0.44937607352609565,0.4322907388230186
0.46652088547358406,0.4613966340062363,0.4450712952077571
0.4787405607127304,0.47359595070429994,0.4575203819212559
0.49059418198144233,0.48566242058733233,0.46980970844350556
0.5022271710624027,0.4973683771042172,0.4818942700648041
0.5135219234400947,0.5087041679277824,0.49350396003035635
0.5239553473898815,0.5191745377394279,0.504564257417454
0.5338027391030986,0.528899162522418,0.5145726920109193
0.5430073031344247,0.5380315763338042,0.5236875377899157
0.5510068581143879,0.5461679570958913,0.5319851445239687
0.5582128344719635,0.5532718675621908,0.5397157182288839
0.5647009009603916,0.5596245960196813,0.5462274530656333
0.5704045187340434,0.5653829864319999,0.5522083016850876
0.5752805492038091,0.5702764625484049,0.5574568522785268
0.5794645939392404,0.5743981385447368,0.5621388898270745
0.5831228972986333,0.5780953588962852,0.5661567846580999
0.586318574057995,0.581284140346418,0.5694369419335137
0.5890811786520331,0.5841008444751978,0.5725023216056428
0.5912533111073432,0.5866300350019997,0.5753420827048836
0.5929769209396223,0.5885601526454518,0.5775097300701655
0.5948091060340552,0.5900038408702482,0.5791543182573158
0.5964369307443234,0.5914762619935259,0.580849053999742
0.5978529310537672,0.5929849050794413,0.5821869528773422
0.5989219067801981,0.5941980529483522,0.5830942628971243
0.5996097054868292,0.5950376969442159,0.5837546010595653
0.6002149939581407,0.5956692318154528,0.5842904726005897
0.6007724638987215,0.5962634758083747,0.5846993322658405
0.601127572172931,0.5966922164143502,0.5849757941646085
0.6012565834760741,0.5968406901922052,0.5851310545237858
0.6011972543138657,0.5968351529555009,0.5851827647547567
0.6010256504900384,0.5967410143816123,0.5851281611314028
0.6007992180371724,0.5964848363259809,0.5849562378789182
0.6005155824220856,0.5960240529502883,0.584658344871513
0.6001523926147201,0.5953833213902413,0.584227099678641
0.599696324070057,0.5946078631329923,0.5836534616389641
0.5991379603169797,0.5937189959517266,0.5829289481481477
0.5984716338676861,0.5927603407371496,0.5820707740663773
0.5976954259009648,0.591808898470368,0.5810974972222998
0.5968182659599746,0.5907614132002259,0.579953452240811
0.5958322466043204,0.5895073029706939,0.5785571519993653
0.5946648068930938,0.5881817806954739,0.5769113963710433
0.5933059846702766,0.5870339134391502,0.575047024395509
0.5918782705127053,0.5859994159573898,0.5730425757965449
0.5904286644916017,0.5847343018439284,0.5712308761382652
0.5887010358824425,0.583161330393233,0.5693627394170686
0.5866705907571024,0.5815641062383217,0.5669327121726198
0.5846888791435998,0.5799307605008581,0.5644339382249577
0.5828020352813736,0.5778475048388667,0.5620683029924771
0.5808042188049083,0.5753812503435747,0.5595242911222555
0.5785661134923596,0.5728774455811669,0.5567922457609329
0.5762439435854276,0.570225344816256,0.5536860197317262
0.5737985105716727,0.5672065662604362,0.5502054636958713
0.5709577052419534,0.5640272623549414,0.546598582518935
0.5678424736447931,0.5606420464980653,0.5430266367200931
0.5644724574533597,0.5568394981754643,0.5389372680957687
0.5611178740151141,0.5529849621869649,0.5345058318140865
0.5575668368553404,0.5492252277043737,0.5299752447191903
0.5536209625757238,0.5452493296509007,0.5255065700432529
0.5495225988159735,0.5404857556822973,0.5204010954502103
0.5452062208217232,0.5355483369957328,0.5148674286607691
0.540435350094959,0.5304463080417221,0.5095826124353249
0.5353403441367928,0.524885692297431,0.5039212797307677
0.5299659564233739,0.5193678042918826,0.4976151999230003
0.5241788930937961,0.5136816911108879,0.4914231997992331
0.5183101242235726,0.507252952933108,0.4852111381957285
0.5123299158905457,0.500711517282604,0.4779102769379244
0.5056576291550938,0.49385504485183973,0.4707647678733491
0.49876556313337184,0.4869303822075677,0.4637375585164818
0.49163464020712255,0.47988425209833596,0.455969971971655
0.48440388844275195,0.4722759487738635,0.44846721692206715
0.4770413543407426,0.46484844703799966,0.4410071360386969
0.4693079377892888,0.4571735043264009,0.43303156618137684
0.46168562671157853,0.4490706007674865,0.4252201293253479
0.4538166911961412,0.4415367911454606,0.4176813803795232
0.44559896088937845,0.43394451531128486,0.4096375439848188
0.43783918402331534,0.4259629646003986,0.4017127966522789
0.4301506862125406,0.4183503035140699,0.39453514440672977
0.4225236308954037,0.4107157478678547,0.38725254129022146
0.41518441588600274,0.4032259234677771,0.3798025146433448
0.4079391989725536,0.3961814227616125,0.37308242827516414
0.4010042715867248,0.39008953993224194,0.3674036949868007
0.39508611661342274,0.383940009276176,0.36243240447758773
0.38989258503778434,0.37812280056593006,0.3571267829308089
0.3847920658700372,0.3732385862827894,0.35278897477406823
0.3802200070035491,0.36941286721382416,0.3490626763101179
0.3767351182913019,0.36696775678651705,0.34586321874205894
0.37432745618912633,0.36520522972344094,0.3434915539843637
0.37292338956931137,0.3639958560492278,0.3423524253474024
0.3727645864544653,0.3640699612248304,0.34246508241818785
0.3737913727976909,0.36540842368598025,0.34373609006311745
0.3758696820604823,0.36768370756926516,0.3463334269022622
0.37894240534486845,0.37106235872880844,0.35035684881647344
0.38314779570365887,0.37577669532263047,0.35542380031667364
0.38839846376972686,0.38146237039470443,0.36186396780051555
0.3948333554564274,0.38812511413790163,0.36957680346843413
0.40242301918468537,0.39623567132692306,0.37860966073934166
0.41146020849818066,0.4055105112533728,0.38801820714921154
0.4208679580638146,0.4156866165301729,0.39853092481343766
0.4311024344650629,0.42618596068288706,0.4100959060435698
0.4426723467619522,0.4377829537364175,0.42128406875804125
0.4545938751947396,0.4499188605315372,0.43309674032075063
0.46679819509225084,0.46202623667070397,0.44593059856829576
0.47910835740531854,0.4743977233226342,0.4584036693515079
0.49107223888601736,0.48649689035336263,0.4707207399885125
0.502740524643049,0.4981873535116488,0.48272188408001093
0.5140255653802603,0.5094940976154223,0.49424668288236906
0.5244655099941526,0.5199348690524725,0.5052976806547569
0.5343544377030398,0.5296254591091627,0.5152702383535679
0.5435181720616844,0.5387058286310749,0.5243187299626533
0.5514625662228869,0.5467306483345362,0.5325718378963227
0.5586535019309353,0.5537573094824177,0.5402415552526196
0.5651444218772907,0.5600767864415397,0.5467231627776343
0.570821447304896,0.5658035845876033,0.5526825297292646
0.5756657144153532,0.5706808477933605,0.5578821224657344
0.5798491112541269,0.5747729292250787,0.5625323630937078
0.5835125290638643,0.5784781694880909,0.5665076732362875
0.5867268089388202,0.5816482078256946,0.5697621799686992
0.5894901010798279,0.5844542795202454,0.5728039244713956
0.5916522297514588,0.5869992695536339,0.5756039016896402
0.5933841910493014,0.5889172749220586,0.5777343437603106
0.5952020920222922,0.5903448624271819,0.5793644391393389
0.5967984385961385,0.5918209733810362,0.5810700607756434
0.5982089734165641,0.5933153824743547,0.5823958473521029
0.5992255812488698,0.5945041113277767,0.5832855425580805
0.5998768010609086,0.5953262785661992,0.5839525127359393
0.6004973406571821,0.5959637877228532,0.5844979954491147
0.6010302612995024,0.596545420993482,0.5848964580499805
0.6013504720351073,0.5968907446381773,0.5851548405674947
0.6014467921387563,0.5970068532615465,0.5852947821786698
0.6013747409090413,0.5970403345175164,0.5853330097379399
0.6012140080815846,0.5969370403948211,0.5852632740732842
0.6010023935834898,0.5966245624404369,0.5850775504259038
0.6007254303284315,0.5961158090055727,0.5847708089761035
0.6003656513656284,0.5954672878960794,0.5843363599596427
0.5999162242931038,0.5947108193575457,0.5837607044278805
0.5993697025123292,0.5938338007966439,0.5830312189478433
0.5987136088465033,0.5928389920085595,0.5821627382473247
0.597938105415875,0.5918459497906514,0.5811992436008844
0.5970534894743811,0.590831184117125,0.5800743129379298
0.5960801189063549,0.5896130651028197,0.5786912820111965
0.5949513649661851,0.5882516236292175,0.5770668401857153
0.5936180713538757,0.587046553454966,0.5752361347188082
0.5921200816406278,0.58600713288921,0.5732233055795313
0.5906459141968881,0.5847605215787828,0.5714003493271231
0.5889598479837594,0.5832015905544228,0.5695665093200832
0.5869907415206861,0.5816005725176356,0.5671357248239162
0.5849080056396871,0.5799643837373119,0.564646683343119
0.5829589083787752,0.5778766425813615,0.5622861389382801
0.5809602328146328,0.5754341860578378,0.5597196079955535
0.5787428491541033,0.5729443749915808,0.5569956171185766
0.5764394047896266,0.5702641073335009,0.5538925895172346
0.5739937273484215,0.5672467946635626,0.5504113139976734
0.5711604994587292,0.5640995931178694,0.546804470495337
0.568045729705682,0.5607195770134588,0.5432226822728083
0.5646833504431104,0.556935910453334,0.5391161106995537
0.5613410740766123,0.553109586510476,0.5346734915515492
0.5578087051586975,0.549342451669218,0.5301538264905801
0.5538650682995543,0.5453646079069709,0.5256684255560768
0.5497709076483301,0.5405760660590355,0.5205520014287071
0.5454546415750101,0.5356141497551199,0.5149983546427561
0.5406718468726888,0.5305199329047408,0.5097296361001435
0.5355484644938147,0.5249865446453408,0.5040470367524656
0.5301756240109297,0.5194643919598081,0.4977330470117869
0.5244226035419921,0.5137528605609389,0.4915659171845339
0.5185491696615527,0.5073424486343991,0.4853688981069546
0.5125694681072395,0.5008250513841748,0.4780876508141507
0.505881869095494,0.49399420610670686,0.4709470581116204
0.49899238940720037,0.48706418191551815,0.46390425828064985
0.4918970633754671,0.48000019687658235,0.45613934184505234
0.4846617721880466,0.472392143857004,0.44867064627951003
0.4772857653084783,0.46501315332919213,0.4412235199359398
0.4695380898791204,0.45737052046158433,0.4332657968477245
0.4619453283828936,0.44927461132146695,0.425435388918771
0.4541129409053555,0.4417037578293097,0.4179344891069319
0.44590928842888844,0.4341110228832219,0.4099264820584081
0.43812761055905924,0.4261532911481931,0.40200198572732915
0.43043474469930953,0.4186166515896039,0.3948329954783183
0.4228411261709122,0.41101059426439934,0.38758748009150223
0.4155662890066989,0.4035505743604928,0.38017578267916163
0.40836867737064186,0.3965249438804317,0.3734728884830367
0.4014706250183495,0.3905028083455442,0.3677566906925549
0.39555455545720064,0.3844762997040705,0.36291486817951646
0.3904203111656004,0.37872628929058627,0.35761952671602226
0.3854027002635674,0.3738837097753336,0.3532700011337322
0.38089536323951534,0.37002967247820817,0.34956964321120965
0.37741749382218504,0.36756278731915226,0.34635983515435265
0.37502963418144764,0.3659312928515399,0.3439835047653934
0.37356511878079535,0.36477184199570334,0.342821918124921
0.3733069036810901,0.36477660031999837,0.342937300302262
0.37427326815036843,0.36611188278451423,0.3442305055300008
0.3762867773078826,0.3684222806364599,0.3468481738135474
0.37928518699412916,0.37183523031348,0.3508481435472175
0.3834347328305736,0.3764647755816599,0.3559210486197555
0.3886353345723361,0.38200643766975584,0.3623860676955475
0.39502122383455673,0.38863449110787074,0.37007962343048617
0.40255738440615185,0.3967455200609853,0.37908956081783285
0.4115816948952975,0.40595124125013693,0.38846719838513954
0.4209213168486816,0.41603785123929193,0.3989934976428333
0.4310697834625803,0.4264968737867394,0.41052107571029306
0.44263549590497875,0.43808409412858906,0.42162775034974254
0.45453808034996146,0.4502332322789624,0.43344478712638757
0.4667337017170541,0.46237375670523817,0.44629070857692876
0.4791036498139525,0.4747976765328461,0.4587398650671559
0.4911482645832297,0.486927762153315,0.4710712081086308
0.5028429504149743,0.4986449953153842,0.48306524978675713
0.514069624184361,0.5098790017317867,0.4945105141803767
