demo-340-000092-y_displacement_step,demo-340-000091-y_displacement_step,demo-340-000090-y_displacement_step
1.4555523897286093e-08,1.4555523897286093e-08,1.4555523897286093e-08
3.034576134819389e-08,3.812519311363616e-08,3.9749125768651083e-08
0.0024187719033639254,0.002402718310718255,0.002284463929558389
0.008464142984791256,0.008477302995208102,0.008411063374962557
0.019170297103379252,0.01908500727506468,0.017632883498812646
0.03059338135803058,0.02929071727432464,0.026218784244917304
0.04295412360070039,0.042045168363244345,0.042297684669211466
0.061952228803163645,0.06311454422058127,0.0685324706251561
0.09025269931143243,0.09378771986769896,0.1045744235607241
0.12745308685706525,0.1329460930809344,0.1460175219516352
0.17024551168170177,0.17666085067323578,0.1865492085862296
0.214400419398168,0.21929437425313114,0.22145748740687143
0.25416761299485124,0.2559360904606446,0.2496912384349611
0.2871320198909185,0.28553991586755767,0.2726525668010912
0.31278740582454156,0.3085827222012215,0.28957369972985647
0.33161631433473293,0.32525004660473267,0.3032387876855237
0.34597741909386615,0.33742071032409504,0.3143347010130998
0.3565920813651856,0.347015772147958,0.3242361016599443
0.36370000689739934,0.3545430368594803,0.3342063775427563
0.3687899268796503,0.3600032403709458,0.3439616609379602
0.37361239327550677,0.36543752453253264,0.3541170370504513
0.37809105037491786,0.3717509169642451,0.36340579898038883
0.3827302461857921,0.37810051549802426,0.37219793193046125
0.3876614663258483,0.38417981441138427,0.3799126903425646
0.3934562515683694,0.39025579784637954,0.3854974407264954
0.39989236031297704,0.3966082300197772,0.38982022275383377
0.4061974143737489,0.4030459459194883,0.3931319746104044
0.4112302144403285,0.4082489715024805,0.3951164391920662
0.4159753734391286,0.4119418384001988,0.3960043410928452
0.4203587312444269,0.41505457239250554,0.3959898339109521
0.42398617428484575,0.4176386873989354,0.3951623043598037
0.42637301044722975,0.4190935138381807,0.3935537596214925
0.4278995793920385,0.41922024578433026,0.3914719377422583
0.4288580762384592,0.4184126501630304,0.3892146179053019
0.42943062647809327,0.41706177829616575,0.38677827019171473
0.4296866148619537,0.41527263123320746,0.383918678997205
0.4296420902905759,0.41303084013947766,0.3805754773401121
0.42928387822124614,0.4104669667261994,0.37766587291533094
0.42855619357224983,0.40784486858320734,0.375329983486535
0.4273161950019452,0.4052905959720078,0.3722712114562613
0.4253958452856096,0.4031806897241389,0.3689040189936609
0.422791023265637,0.40089436531404965,0.3653838314717318
0.41971106793983626,0.3976870463628547,0.3612837424400329
0.41622130534576385,0.3940449402471379,0.3567792058827465
0.4124383859857802,0.3906947064374212,0.3523403944744551
0.408218091927545,0.387416379692768,0.3479295676342674
0.403650421134535,0.3830607401599925,0.3432451611314381
0.3997889153382653,0.3778863561277269,0.3379543845730181
0.3946414690735812,0.37294539516693914,0.3322820608976008
0.38854496825213614,0.3670802048334566,0.32599486487452956
0.382067223679074,0.36011992319102915,0.3193100923346529
0.3760094080999764,0.3526832100099754,0.31181765412227735
0.36978504487214126,0.345328406187111,0.3039185686008866
0.36251340674992105,0.336988477093746,0.2967721628557024
0.35428767018486684,0.32751001521538814,0.2889192874431056
0.3460174820391705,0.3191127317732759,0.28054692034697337
0.33709314759890907,0.310134958440932,0.27274338524027464
0.3276779109548761,0.300846854005013,0.26513268662933054
0.3185967543021512,0.2922839974709103,0.25700664195393086
0.3088295263568114,0.2831685240953715,0.24889966915624606
0.2989143617298561,0.2734857205736855,0.24107915159856141
0.289093531653689,0.26440682348832956,0.23199910527582002
0.2786047386176632,0.25519990821659244,0.22325141321989672
0.2685494872679367,0.24652672785688046,0.21521421972915233
0.25840260635407775,0.23766291576069898,0.20649040810660935
0.24854456970865269,0.22844630001297428,0.19804485202920563
0.23881656362771098,0.21983242626169897,0.190133331775875
0.2289493274382225,0.21111120289804075,0.18197851879008853
0.2196700753545867,0.2021343160652701,0.1742301989766738
0.21031885014215834,0.19418914021765799,0.1671163277823059
0.20067133121903924,0.1860862543044931,0.159429042900043
0.1921251962139211,0.17796727009242164,0.15206528616626336
0.18364540029708565,0.17030248177412066,0.14580849700901732
0.17548960992256368,0.16275694129466356,0.1396188697586992
0.16804339815294045,0.1554738803260084,0.13345176806153403
0.1606058814848087,0.14869116881737854,0.1280370102885907
0.15365745477380288,0.14294015389064396,0.12355317525433451
0.1476406725392413,0.13710733852431012,0.1197437524130246
0.14256390259428964,0.13189088553106354,0.11575271124553732
0.13749838830212047,0.1275363770218746,0.11220358040729017
0.1330940917722475,0.12418953195546434,0.10900700288961362
0.1296269241178779,0.1219534627184028,0.10626185108207487
0.12711666724160453,0.12014400139132186,0.10413142535456921
0.12548359776544593,0.11882328704590195,0.10286234951391615
0.12487210150780437,0.11836686839574562,0.10245576392020339
0.1251972012835566,0.11868168232044296,0.10289204064969726
0.12636408582806025,0.11971303559599622,0.10429225859734303
0.12827857300006495,0.12165396076135415,0.10677252461388209
0.1309599593422489,0.12474022676033247,0.1100433175094967
0.13444064576094983,0.1287910518324501,0.11431355175399116
0.13903396233198417,0.13360239009204566,0.11973426618585414
0.1447444022043799,0.13967014934572963,0.12635979044897183
0.15193993122568916,0.14697539732128828,0.13358736010194405
0.15974776075618713,0.1554835277878014,0.14180311351108033
0.16892546685188325,0.16460405230193087,0.15119911228491822
0.17957833723719008,0.17526063334607012,0.1608642111892481
0.19111960514843818,0.1870277847694991,0.17165738569269495
0.2037335475308567,0.1994507622539855,0.18396640957467014
0.21730477082860722,0.21289576063522675,0.1967420480730483
0.23147713132207637,0.22709628654500646,0.2103983027130577
0.2461439577763519,0.24184201056116283,0.22471848054818333
0.2616694300559256,0.25721702449543626,0.23935520852143888
0.2769569402055684,0.27240601543794096,0.25428298733744603
0.292798225434315,0.2879086696101868,0.2685717996424658
0.3085782715479283,0.3033150665779619,0.28275024297757423
0.3230278665740939,0.3177942230780263,0.2961608034773143
0.33723117905339495,0.3313425056827256,0.30923862722922746
0.35027918816528214,0.3439391623692464,0.3204905981103078
0.36265809148349415,0.3559242750899888,0.3313799768362943
0.3736331211460452,0.366285117562518,0.3412814549879116
0.3836854005636533,0.37566307300889556,0.3503910930486559
0.39248885985564474,0.38415198942821493,0.3586393841444274
0.4004376649624187,0.39159540170466867,0.3654681703653927
0.4074757028855204,0.39823998629217605,0.37184308611714456
0.4129187773559707,0.40446226892841175,0.3778341283571486
0.41774797015070975,0.40926171368352426,0.38241616767823927
0.42217975779202666,0.41318452575310716,0.3863044612450369
0.42636473916215134,0.4168357657021534,0.39019182275941644
0.4300028036183866,0.42022515228667146,0.3934946222816792
0.4328323555270924,0.4230965192652404,0.3960257613645103
0.4350805798020597,0.42544163705010984,0.3982038496357697
0.4374870302924577,0.427622971363545,0.3999288083764968
0.44004525834288366,0.42987794259830536,0.4010973677326687
0.442247881801345,0.43166790219798756,0.4017506897729296
0.4439214910975592,0.43278687654028347,0.4020238503802619
0.4451408922732304,0.4336741912188836,0.402026790894192
0.44599742141865073,0.4344424805207979,0.40180986211195113
0.446524294430949,0.43486288920899685,0.40138890737284216
0.44668912553039364,0.43479026421479505,0.4007602480932356
0.4464424440950484,0.4342900975280656,0.3998970109061587
0.44578233877955864,0.4334729531611584,0.398756948625972
0.44472961217901996,0.4324076768325361,0.39730028208795753
0.4433142636168287,0.43121362140948116,0.3955649750964979
0.44161628776391326,0.43013530057861493,0.3936697512164621
0.4397010297914269,0.42875750571346083,0.39175449715830324
0.43761043758274265,0.42609492233781154,0.3898277647663254
0.43526495103279006,0.4225755406011923,0.38762495572066225
0.4327878370155328,0.41887315826434357,0.38464678965644283
0.43052306679487684,0.4151476700862816,0.38084466123985894
0.42900260283282987,0.41105382209443053,0.37741766602904236
0.42643538697803807,0.4068480949842802,0.3738657156291866
0.42273887437461755,0.40324218063544437,0.3688798884595875
0.418949011111475,0.400081467632296,0.36348361326397327
0.4151552885320787,0.39633003715965887,0.3581073241885503
0.4110403719454284,0.3922755467350504,0.3525294804368345
0.40624572878694065,0.3884900821588152,0.34697227101473527
0.40163118753324245,0.38464768076893974,0.3413974927101152
0.39668126995642805,0.38001929250476485,0.3357160238542186
0.39139550069389994,0.3754364457146563,0.32999225903002716
0.3853803461261561,0.36978931792664305,0.3242750768753456
0.37917402065885575,0.3630460989158669,0.31745002370559205
0.37340296235631054,0.3556231315505033,0.31019146045023216
0.3667686125515782,0.3484513619205317,0.30290703241879247
0.3593496376338431,0.3405325519394794,0.29603789936144176
0.35147326843549054,0.3311344790496361,0.2883119766678738
0.343505850680644,0.3221506309972445,0.2802352932422788
0.3345373876464862,0.31324453531767993,0.2729743730165254
0.32538887400826366,0.30384553157927285,0.26531489017836185
0.31634402073951573,0.294812989108277,0.2569786302150593
0.30684434781326886,0.28567077340299785,0.2488405265386907
0.2972522834604777,0.2756777677194805,0.2408818562070988
0.287588012077301,0.2663621275751996,0.2316924811509521
0.2771535262355619,0.25681960081403765,0.2230616388514911
0.2672319823882142,0.24764391447559098,0.2149078650634918
0.2571644061808621,0.23865845175461253,0.20615425388775177
0.2474750356812071,0.22934434305575702,0.197955641594182
0.23774822092124326,0.22070196530528563,0.19007147268214786
0.22788937545743193,0.21190924249927623,0.1820248679609101
0.21873501646577898,0.20285694912372831,0.17444846599760944
0.20936286220933809,0.19482075697454115,0.16744652576972407
0.1998024238601378,0.186714330797776,0.15994807387179188
0.19131836197015828,0.17857536969582777,0.15264309074434113
0.182939472602495,0.1710041394558467,0.14640433368805417
0.1749203520083823,0.16347003209500988,0.14016180964232727
0.16759228489123557,0.15624922911673422,0.13399825167821355
0.16034645200356035,0.14948854634425734,0.12855125481914997
0.15350964739857498,0.1439414030944418,0.12406040316631806
0.1477775476506581,0.13827037269803466,0.12040700060261689
0.14284675162432692,0.1330913841420317,0.11641534489552108
0.13800696860792672,0.12873063399032636,0.11297883335843972
0.13372673725030382,0.12528140228806672,0.10985558152132524
0.13035569938765879,0.12308061014967142,0.10711695243374708
0.12787025869258006,0.12141743921342718,0.10500830067236266
0.12617546558638704,0.12008288491655905,0.10376480965453572
0.12553680510744358,0.11956297192253784,0.10338583445322602
0.1258593461375045,0.11988926112738729,0.10384419046107485
0.12699913036045418,0.12091332369970542,0.10527136609895849
0.12882750729971237,0.12286099698552866,0.10773149400780835
0.13145005506212704,0.12593836003910297,0.11096035031339169
0.1348740420360376,0.12980760996632135,0.11521372482586101
0.13936386929351652,0.13449385496710964,0.12059605625159542
0.14498048442172118,0.1404481169817685,0.12724662256352504
0.15216081114255087,0.14759865909149894,0.13439214450313808
0.15982268930829002,0.15596845071822696,0.14254531876302112
0.16888226038956533,0.16497886341228363,0.15195840616972645
0.17955630827704694,0.1755252381157747,0.16151490794286405
0.19117662283121495,0.18732573224351545,0.17234059709973948
0.2039057952890616,0.19988902955380616,0.1847142037925008
0.21762294352579625,0.21358411827861767,0.19757395828603996
0.23198372170602088,0.22794763280221042,0.21130654332503085
0.24676079762038283,0.24280746384001717,0.22556107052392316
0.26237146107723575,0.25826425130691166,0.24012349364327845
0.27777123422673167,0.2735315251566407,0.2550897119199743
0.2937120694485432,0.28908352254338265,0.2693792058370891
0.3094724372816041,0.304424939145458,0.2835046593363054
0.3238698419630729,0.31875014862254825,0.2968963168639568
0.3380292728708071,0.3321597985716268,0.30991717927023077
0.3510802300834751,0.34465045559631,0.3211576250201734
0.36335766000751846,0.356548746129829,0.3320448206065362
0.3742964350343979,0.36680416895960766,0.3419397137207637
0.3843258675977218,0.3761646264760373,0.351075209248097
0.3931051547983134,0.38471013796682507,0.35930545873336606
0.4010560052490303,0.3921323492161507,0.3661604534946562
0.40808249519082096,0.39878557223229383,0.3725048935336258
0.4135189966204428,0.40504172907794944,0.3784122911509512
0.41840283504528053,0.4098554347313944,0.38289346573595007
0.4228921907440507,0.4138700678767825,0.3867342943190729
0.4270990968352696,0.41758848081158495,0.39056278694424795
0.43084030770864723,0.4210289438850562,0.39379759235734346
0.4336006334309176,0.42392828452956677,0.3962749075589801
0.4359778939393554,0.4262803140900052,0.39846558850559066
0.4385443280722733,0.42858592393483097,0.400208616008464
0.44115910641279543,0.43089439780216987,0.4014080926103839
0.44331099071080293,0.4325004452038187,0.4021149136073562
0.4449112092316335,0.43364950074389885,0.4024554329078899
0.44605248254412444,0.43468974807460026,0.4025074462058368
0.4468410373401087,0.4355005146310901,0.40230462300606906
0.4473017023318192,0.4358426669254808,0.401866172840757
0.44740537079147347,0.43570862011436395,0.4012020265303634
0.44713109714156174,0.43518890075462,0.4002942321117272
0.4464982983689031,0.4343340535628296,0.39910622175234456
0.4455257148517401,0.4331542338400428,0.3976105635011197
0.4442087318397513,0.4317161534106132,0.3958404002796455
0.4425824961256334,0.4303515050174572,0.39396988151861534
0.4407274357899603,0.4290238106734573,0.39204946594911394
0.43871061729252514,0.42647474611820824,0.3900987457223005
0.43646201272110663,0.4228239543831259,0.38790627169667113
0.43401046188344317,0.4190154668697085,0.3849958031874491
0.43153404831534925,0.41530333544546616,0.38117953319147724
0.4296541986871708,0.4112291634982893,0.3777285024800122
0.4275617579532768,0.4069635844518137,0.37421744513467126
0.4239415554659912,0.403259986172133,0.36923633930584365
0.4199450220779314,0.3999912860110352,0.3638876863294035
0.4160779494742012,0.39616967595927444,0.358570261366547
0.41199435249923677,0.3921280561364714,0.3529682213337576
0.4071954206038172,0.38835018242640007,0.34744842026587375
0.40242352528861336,0.3844411320451858,0.34183465321552997
0.39741877264264536,0.3797763174188281,0.3360788673541052
0.3918286310761888,0.37530262689304605,0.3303208485711667
0.38572393168050867,0.36958972682005686,0.3245657466693058
0.37939677211467326,0.3628227907513438,0.31766968386857075
0.3736760754399088,0.35542571114543275,0.31033480791304335
0.36697760512945676,0.3482365550771701,0.3030094415477723
0.35958148564099524,0.34034047872334716,0.2960702328449508
0.3516981238155602,0.33100836205170536,0.2883212667293006
0.3437940036983754,0.322052925213027,0.2802027699698789
0.3348502424739538,0.31321785321596385,0.27298009356803166
0.3256804614566672,0.3039040419908149,0.2652683855753878
0.31667325656058265,0.2948459557178774,0.2568950365107182
0.30723531359222533,0.2856621523130175,0.24881752410564395
0.29761102928871075,0.275680857556588,0.2408902026230394
0.287965089449301,0.2664133649116657,0.23175838867472975
0.27747438557510706,0.25690593684754204,0.22316504168342
0.26754360895824225,0.24770932287282832,0.2150261686589504
0.25747071211626193,0.2387068477647193,0.20631002411198363
0.24770778691413253,0.22937335510494694,0.1981671901257528
0.23792917852154993,0.2207987016964269,0.1902977859606273
0.22800754882139185,0.21201801943290743,0.18227180462954717
0.21887392758347712,0.20294077092484286,0.1746637273476367
0.20952077907406308,0.19483919146628514,0.16769731048462477
0.19997339102824407,0.18673060653911888,0.16023621428780965
0.19144761070792893,0.17860172410853303,0.15292562171632407
0.18307503960175275,0.17113000506031473,0.1466889465556226
0.17510146804110638,0.16361158900115014,0.14047581069228243
0.16785048520586765,0.15643664610993813,0.1343485407665791
0.1606572965631915,0.14972164921342312,0.12891637887288032
0.15386705311107496,0.14428437982796438,0.1243799044740087
0.14813745174043402,0.13876180169332397,0.12083277907932899
0.14330384402713092,0.1336477967881936,0.11684294977075627
0.13856100354037493,0.12933302180254003,0.11340434761849927
0.13434858499826563,0.12586337276884063,0.11029506185819626
0.1309913625468354,0.12363616600151672,0.10753101122054953
0.12852557135389808,0.12208999553916244,0.10540286268646348
0.1267757508064732,0.12081820000682464,0.10413973553564315
0.12604854663308995,0.12025922071343442,0.10375992493923303
0.12631535066001554,0.12057841558705096,0.10423256860568386
0.12740258982851105,0.12161379874668621,0.10567974858823248
0.12917670097108436,0.12357883523268798,0.10813278073114618
0.13177016328928992,0.12659563393222217,0.11138027310780274
0.13517398393221292,0.13033975823004906,0.11565869973581455
0.13962102227907647,0.1349773700245055,0.12104965370338172
0.14518803361027455,0.14088646297091,0.12771442391056242
0.15232972611425388,0.1479468845433668,0.13484232497528825
0.15987250144032472,0.15620364367566097,0.1429768432688555
0.16882653509645584,0.16515139421411884,0.15234951071530778
0.17946088320352993,0.17566152401056956,0.1618175443060349
0.19105710686927024,0.1874909561793051,0.17264451983139362
0.20376413918052816,0.20011241016245152,0.18499924700273718
0.21754116184144257,0.21389407730788068,0.19784054137901197
0.2319781020903554,0.2283603044693222,0.2115842293389868
0.24679593795079635,0.2432972001149042,0.2258182030963759
0.2623517864317836,0.2587013214170123,0.240290492781842
